channel,snapshot_date,video_id,video_tag,case_name,series,scheduled_date,match_status,title,format,published,views,engaged_views,engagement_rate_percent,duration_seconds,avd_seconds,avp_percent,ctr_percent,impressions,shown_in_feed,chose_to_view_percent,likes,comments,shares,subscribers_gained,subscribers_lost,dislikes,watch_hours,revenue_usd,traffic_source,notes
@ColdFileDiaries,2026-09-29,6FdLxmbamJs,video05,Yuba Five 1978,VANISHED,2026-09-18,matched,Yuba County Five Drove to a Game — VANISHED,short,2026-09-18,1240,517,41.69,33,14.0,43.56,,,,,6,1,0,1,0,0,2.35,,api,
@ColdFileDiaries,2026-09-29,sB2Twbce70Q,video02,D.B. Cooper 1971,HEISTS,2026-09-15,matched,"He Jumped With $200,000 — Never Found",short,2026-09-15,1190,451,37.9,33,22.0,67.21,,,,,10,1,0,1,0,0,3.05,,api,
@ColdFileDiaries,2026-09-29,FiWWSWJoOW8,video03,Springfield Three 1992,VANISHED,2026-09-16,matched,Springfield Three Vanished Overnight — NEVER Found,short,2026-09-16,1183,533,45.05,35,47.0,136.5,,,,,18,1,0,4,0,0,7.25,,api,
@ColdFileDiaries,2026-09-29,xPppIGMCW4M,,,,,unmatched,Fort Worth Three Went Shopping — NEVER Came Home,short,2026-09-25,538,256,47.58,37,69.0,188.53,,,,,25,1,0,2,0,0,5.0167,,api,
@ColdFileDiaries,2026-09-29,IoebOMF9Doc,,,,,unmatched,Axeman Threatened Jazz Night — City Played ALL Night,short,2026-09-23,241,83,34.44,32,26.0,83.37,,,,,13,1,0,2,0,0,0.6667,,api,
@ColdFileDiaries,2026-09-29,qJTjwhMIcgg,,,,,unmatched,Amelia Earhart 1937: Last Call — ZERO Trace,short,2026-09-24,223,74,33.18,33,21.0,64.39,,,,,11,1,0,1,0,0,0.4833,,api,
@ColdFileDiaries,2026-09-29,7ZlI35zpIuQ,,,,,unmatched,Alcatraz Escape on 50 Raincoats — ZERO Trace,short,2026-09-26,203,87,42.86,36,58.0,161.72,,,,,11,1,0,2,0,0,1.4333,,api,
@ColdFileDiaries,2026-09-29,LbzUZJ-Q-tg,video06,Gardner 1990,HEISTS,2026-09-19,matched,Gardner Heist: $500M Gone in 81 Minutes — NEVER Found,short,2026-09-19,86,24,27.91,35,23.0,68.49,,,,,7,1,0,1,0,0,0.1833,,api,
@ColdFileDiaries,2026-09-29,f-lbHgdVxcI,video04,Zodiac,KILLERS,2026-09-17,matched,"Zodiac Killer: 5 Dead, 4 Ciphers — ZERO Arrests",short,2026-09-17,71,23,32.39,32,867.0,2711.65,,,,,4,1,0,0,0,0,5.55,,api,
@ColdFileDiaries,2026-09-29,3lue0-N8HaE,,,,,unmatched,Amelia Earhart: Last Confirmed Voice — ZERO Trace [1937],long,2026-09-25,51,26,50.98,1231,1005.0,81.7,,,,,3,1,0,0,0,0,7.2667,,api,
@ColdFileDiaries,2026-09-29,miPbh0l8lhA,,,,,unmatched,Maura Murray Said Help Was Coming — NEVER Came,short,2026-09-22,44,18,40.91,33,15.0,48.36,,,,,5,1,0,0,0,0,0.0833,,api,
@ColdFileDiaries,2026-09-29,N4bwPpr4Q6g,video08,Circleville,SMALL TOWN,2026-09-21,matched,"Circleville Letters: 1,000 Threats — NOBODY Caught",short,2026-09-21,43,19,44.19,37,16.0,44.01,,,,,4,1,0,1,0,0,0.0833,,api,
@ColdFileDiaries,2026-09-29,ra4DDCqjupc,video06,Gardner 1990,HEISTS,2026-09-19,matched,They Took $500 Million — Never Found | Gardner Museum Heist,long,2026-09-20,43,38,88.37,753,387.0,51.46000000000001,,,,,7,1,0,0,0,0,4.0833,,api,
@ColdFileDiaries,2026-09-29,Zi3YBe0x3rc,video02,D.B. Cooper 1971,HEISTS,2026-09-15,matched,"He Jumped With $200,000 — Never Found | D.B. Cooper",long,2026-09-16,36,27,75.0,655,138.0,21.16,,,,,7,1,1,3,0,0,1.0333,,api,
@ColdFileDiaries,2026-09-29,hOykdJ_C2yc,video07,Black Dahlia 1947,KILLERS,2026-09-20,matched,"Black Dahlia: 500 Suspects, 0 Charges — NEVER Solved",short,2026-09-20,31,12,38.71,32,20.0,62.8,,,,,1,1,0,0,0,0,0.0667,,api,
@ColdFileDiaries,2026-09-29,m8rI5sRJZVY,,,,,unmatched,Axeman of New Orleans: City Played Jazz to Survive 1919,long,2026-09-24,30,17,56.67,1224,1005.0,82.11,,,,,6,1,0,0,0,0,4.7333,,api,
@ColdFileDiaries,2026-09-29,zQGCcd4aWlM,video01,Sodder 1945,VANISHED,2026-09-14,matched,Sodder Children Vanished on Christmas Eve — NEVER Found,short,2026-09-14,25,18,72.0,38,20.0,52.67000000000001,,,,,3,1,0,0,0,0,0.1,,api,
@ColdFileDiaries,2026-09-29,faDgcxUE31M,video04,Zodiac,KILLERS,2026-09-17,matched,"The Zodiac Killer: 5 Dead, 4 Ciphers, Zero Arrests — Unsolved",long,2026-09-18,23,9,39.13,807,574.0,71.24,,,,,2,1,0,0,0,0,1.4333,,api,
@ColdFileDiaries,2026-09-29,bCm48mW3VXg,video01,Sodder 1945,VANISHED,2026-09-14,matched,The Sodder Children: 5 Kids Vanished on Christmas Eve,long,2026-09-15,22,19,86.36,720,109.0,15.21,,,,,8,1,0,5,0,0,0.5667,,api,
@ColdFileDiaries,2026-09-29,tRF2ZCcz0fw,video03,Springfield Three 1992,VANISHED,2026-09-16,matched,3 Women Vanished From One House — Springfield Three,long,2026-09-17,20,7,35.0,653,10.0,1.6500000000000001,,,,,4,1,0,0,0,0,5.25,,api,
@ColdFileDiaries,2026-09-29,5NGjmW0Ln1s,,,,,unmatched,Fort Worth Three Vanished Christmas 1974 — NEVER Found,long,2026-09-26,19,11,57.89,1207,542.0,44.97,,,,,4,1,0,1,0,0,1.65,,api,
@ColdFileDiaries,2026-09-29,-0KLT84qpOs,video08,Circleville,SMALL TOWN,2026-09-21,matched,"1,000 Hate Letters, 1 Dead Man, 0 Caught | Circleville",long,2026-09-22,17,6,35.29,633,1073.0,169.62,,,,,1,2,0,0,0,0,1.7833,,api,
@ColdFileDiaries,2026-09-29,F5u-9dV1lks,,,,,unmatched,She Said Help Was Coming. Nobody Came. | Maura Murray,long,2026-09-23,17,10,58.82,1253,284.0,22.67,,,,,4,1,0,0,0,0,0.7833,,api,
@ColdFileDiaries,2026-09-29,FIRbb3CelJM,video05,Yuba Five 1978,VANISHED,2026-09-18,matched,"Yuba County Five: 5 Went to a Game, 1 Vanished",long,2026-09-19,15,5,33.33,764,241.0,31.56,,,,,2,1,0,0,0,0,0.3333,,api,
@ColdFileDiaries,2026-09-29,yTeZCLHEVMo,,,,,unmatched,"50 Raincoats, 1 Island, Zero Trace | Alcatraz 1962",long,2026-09-27,5,3,60.0,1609,1759.0,109.35999999999999,,,,,3,1,0,0,0,0,1.4667,,api,
@ColdFileDiaries,2026-09-29,69_IajVo1LE,video07,Black Dahlia 1947,KILLERS,2026-09-20,matched,"500 Suspects, 500 Confessions, 0 Charges — Black Dahlia",long,2026-09-21,3,2,66.67,751,1.0,0.19,,,,,3,1,0,0,0,0,0.0,,api,
